"Device ID","Device name","Manufacturer","Serial number"
"cf0971fc-f7ca-48d5-b8e4-06c54d21d2d3","Isomo-Dell-DZT73D3","Dell Inc.","DZT73D3"
"0c3c38a1-bb19-4007-b6cf-1e2d1659036e","Isomo-Dell-F47Q273","Dell Inc.","F47Q273"
"be6b1da7-5e61-41ef-9409-eb291f0b514c","Isomo-Dell-1TRGL63","Dell Inc.","1TRGL63"
"03ef8b00-3e94-46c5-aecc-c2582820eb76","Isomo-Dell-BGB4273","Dell Inc.","BGB4273"
"d989a56e-a2af-4f31-a6a6-ce04f3f29bbb","Isomo-Dell-5N6X7C3","Dell Inc.","5N6X7C3"
"0169286f-8117-4788-8bb5-a56263e0cece","Isomo-Dell-1YWP9C3","Dell Inc.","1YWP9C3"
"1120ed4b-2cf3-4d8b-8ea4-5b808a61b5f4","Isomo-Dell-HWF9043","Dell Inc.","HWF9043"
"9f785aa8-a245-4cb1-9ce4-58a13bfb64be","Isomo-Dell-DKDL473","Dell Inc.","DKDL473"
"e2b5b39e-7d64-42cf-83af-aebca17514d2","Isomo-Dell-3L5B043","Dell Inc.","3L5B043"
"62ef4e81-87e1-47e1-baa6-da1f3b1a9b27","Isomo-Dell-HZ4HFB3","Dell Inc.","HZ4HFB3"
"6094a0f1-b5c2-44ae-b8c3-6b66ba14ba83","ISOMO-HP-012","HP","5CG013CTK1"
"908b31d8-d753-460c-8319-64a7ead60a19","DESKTOP-6QQHJ7R","HP","5CG013CW72"
"30a7d0be-6676-4c9a-8ed2-c0e1f55c21c9","Isomo-Dell-5CG8293DWW","HP","5CG8293DWW"
"231adcbb-cd35-437f-b17b-6867832a71d6","Isomo-Dell-F9P2673","Dell Inc.","F9P2673"
"2ae659dc-bf44-43bc-af7a-2336e0d7a3bd","Isomo-Dell-7RV79C3","Dell Inc.","7RV79C3"
"17f2d104-1215-48fc-8b8d-e6b02d27e9a3","Isomo-Dell-C8H5273","Dell Inc.","C8H5273"
"81475413-9b4c-48f4-92d4-6715d05a4840","Isomo-Dell-7RCQ9C3","Dell Inc.","7RCQ9C3"
"09793abd-2e85-4535-9b00-f27da871b1da","ISOMO-HP-006","HP","5CG9150L5H"
"3a85394d-d523-4d15-ba44-ac93ee8636bd","Isomo-Dell-98C0ZD3","Dell Inc.","98C0ZD3"
"0d7afd9b-fca0-4bfa-a0f1-df9d3f83f5c5","Isomo-Dell-6VBFFB3","Dell Inc.","6VBFFB3"
"100f14c0-be53-41d5-865e-eef57b8eebb6","Isomo-Dell-180Q9C3","Dell Inc.","180Q9C3"
"a363531a-00be-4244-945d-855a848965e4","Isomo-HP-004","HP","5CG84977Z0"
"2d3a618e-d9ab-43de-a8ed-749457769e49","Isomo-Dell-7W7G6D3","Dell Inc.","7W7G6D3"
"00713059-96b8-4238-b9db-5958401b7ab0","ISOMO-HP-003","HP","5CG013979K"
"165d1931-6d39-4711-b14a-98e4be9ef691","Isomo-Dell-20PP373","Dell Inc.","20PP373"
"86b72f83-77ce-4f55-892a-98f8c658c30b","ISOMO-HP-010","HP","5CG9194YF0"
"edbacc1b-7e35-4d0d-840a-319c50bf4cee","Isomo-Dell-FZB63D3","Dell Inc.","FZB63D3"
"967c38b1-6a3b-4af8-8142-c58bec3889f8","Isomo-Dell-BZG6N53","Dell Inc.","BZG6N53"
"0da551b5-39d5-4c71-9ff6-a76fb7fd6a3c","Isomo-Dell-BXV2673","Dell Inc.","BXV2673"
"08e655be-ea4b-4a93-8dce-2034b8c232c1","Isomo-Dell-F9LQ373","Dell Inc.","F9LQ373"
"ae44ce0b-2f25-4d55-aa6e-ca06f6216025","Isomo-Dell-DFNQ493","Dell Inc.","DFNQ493"
"0f112d0c-cd5d-40cf-b56a-b0e76187de49","Isomo-Dell-65ZJ7C3","Dell Inc.","65ZJ7C3"
"03953265-3713-4733-88ff-a4b5a6218752","Isomo-Dell-1234567","Dell Inc.","1234567"
"26e51ddd-1a84-41b5-8d12-6c38c5dde4db","Isomo-Dell-5513DB3","Dell Inc.","5513DB3"
"73e744e9-812d-4c20-ae82-e0536d1c7d90","Isomo-Dell-71L1673","Dell Inc.","71L1673"
"b935e800-43f3-448b-b3ce-6bc4eb54d4c3","Isomo-Dell-46FVN73","Dell Inc.","46FVN73"
"6f7d6c86-be42-412d-b8e7-ed2676a11a4f","Isomo-Dell-6Z5WN73","Dell Inc.","6Z5WN73"
"21984287-fe37-4538-9d56-dd2726c35537","Isomo-Dell-FTSWDB3","Dell Inc.","FTSWDB3"
"543121aa-7ced-40ce-992f-1ee55cc2ce9e","Isomo-Dell-8LQ3673","Dell Inc.","8LQ3673"
"d1859e28-5035-4545-9a78-0e1a23e809f0","Isomo-Dell-8JPR353","Dell Inc.","8JPR353"
"9b996c16-339c-40f9-b275-b864ab87b7c1","Isomo-Dell-48D6N53","Dell Inc.","48D6N53"
"2de3b09e-f8a0-4d71-bf0e-ff01a875d492","Isomo-Dell-1234567","Dell Inc.","1234567"
"7f48d4c9-643e-403d-9949-5d104ba12d3d","ISOMO-DELL-F280","Dell Inc.","F280P53"
"4428a949-2f17-474a-9ef8-0af56b506905","Isomo-Dell-3RK6043","Dell Inc.","3RK6043"
"9f40a1d7-886c-4daf-8a61-02eb4fc79d8c","Isomo-Dell-JPH00876VB","HP","JPH00876VB"
"a21b56f7-b81e-4d69-a79c-1b855697cf1a","Isomo-Dell-BX8Y7C3","Dell Inc.","BX8Y7C3"
"8970bd3f-de13-436b-a162-60dd5afc648c","Isomo-Dell-1MJ3273","Dell Inc.","1MJ3273"
"cacd99b0-5828-4803-b84c-f8bbaa761906","Isomo-Dell-JYR4673","Dell Inc.","JYR4673"
"807ccf19-2cbe-4476-99ad-cd68fbd7ef1d","Isomo-Dell-H00JP73","Dell Inc.","H00JP73"
"c67a332a-f7af-4f44-8b7d-728cb1b14b96","Isomo-Dell-GX1P373","Dell Inc.","GX1P373"
"3cefc55f-b696-4e26-9939-bbcb3e3fdcbe","Isomo-Dell-B91J473","Dell Inc.","B91J473"
"7cb7539c-f379-459b-922f-fea4bf65767a","Isomo-Dell-88N8043","Dell Inc.","88N8043"
"fc5cc846-e249-4056-9b66-0a970c01e0e5","Isomo-Dell-BS8HFB3","Dell Inc.","BS8HFB3"
"f150bb7a-55c1-48b4-8124-38b3f4874f60","Isomo-Dell-6FPN473","Dell Inc.","6FPN473"
"badb2715-00af-4232-8a62-ea7dc244ad4d","ISOMO-B943273","Dell Inc.","B943273"
"93928a14-f27b-4a32-aa53-27780847ef99","Isomo-Dell-FK18043","Dell Inc.","FK18043"
"9a736651-68bd-47f2-a111-35d2d03d6a32","Isomo-Dell-4CGY7C3","Dell Inc.","4CGY7C3"
"a20d2bd1-9fdc-491f-bd93-2904c962d673","Isomo-Dell-JHQ3273","Dell Inc.","JHQ3273"
"f733e83d-9771-47b2-b867-f2e3454c04c8","Isomo-Dell-C6ZWL63","Dell Inc.","C6ZWL63"
"39bac13e-fae8-4f09-9e67-a3f691a3cc30","Isomo-Dell-3QQ3673","Dell Inc.","3QQ3673"
"368ff2b8-07c7-43bc-b876-04dbe2054951","ISOMO-HP-007","HP","5CG82663PD"
"1435d2d5-c4c9-47a0-809c-b459a5d145de","Isomo-Dell-B0KQ693","Dell Inc.","B0KQ693"
"d0331c32-dd37-42eb-830a-828f020d1376","Isomo-Dell-FLWD6D3","Dell Inc.","FLWD6D3"
"4742433d-fa4b-4e06-949c-2be5a4821410","ISOMO-HP-001","HP","5CG9194YD5"
"e6d892e3-b6f1-4ad8-86b5-9914a89d939c","Isomo-Dell-F7Z0673","Dell Inc.","F7Z0673"
"14a8dad5-c196-4d07-be0e-3ea2eb9e4a24","Isomo-Dell-9PFGP73","Dell Inc.","9PFGP73"
"9384310d-fbfc-42ca-a996-835b508ba918","Isomo-Dell-H7FJ573","Dell Inc.","H7FJ573"
"cb202406-8db3-4c20-be63-92043bdf3193","Isomo-Dell-F6V9S73","Dell Inc.","F6V9S73"
"a5ad814f-653b-41fa-af60-8f5a6859242f","Isomo-Dell-69DQ273","Dell Inc.","69DQ273"
"b090b4ce-a76b-4452-ba49-b0152e3987a0","Isomo-Dell-8V34673","Dell Inc.","8V34673"
"09e62209-a8ff-4a4c-9a54-d7f94e2a14d5","Isomo-HP-JPH00876VB","HP","JPH00876VB"
"defd3434-7b33-40c6-9613-12e954bddec8","Isomo-Dell-5CG9345FLZ","HP","5CG9345FLZ"
"88d32471-ae13-4169-b1a7-677de989e58e","Isomo-Dell-4XR4673","Dell Inc.","4XR4673"
"40a59bce-0348-4e9e-9b12-ae4f3d48c3ce","Isomo-Dell-C8X63D3","Dell Inc.","C8X63D3"
"64bdaa0e-df92-456d-b15b-17f0a7b2b01f","Isomo-Dell-463V473","Dell Inc.","463V473"
"3e267c40-3564-450a-8bc5-a20c0e1ac30b","Isomo-Dell-4R51673","Dell Inc.","4R51673"
"7cb8c151-b500-44ca-9eec-3a89c153a6c8","Isomo-Dell-551J473","Dell Inc.","551J473"
"919a3901-4d6d-4e80-baa5-2ccce1026bd6","Isomo-Dell-2ZV2673","Dell Inc.","2ZV2673"
"bf9f959b-6a4d-4ecd-a5c0-2192e673c4f5","Isomo-Dell-7JR2673","Dell Inc.","7JR2673"
"39c1281b-6d52-4e4f-a651-0ad5ca8cba15","Isomo-Dell-2YQ8DB3","Dell Inc.","2YQ8DB3"
"24636ce8-6333-4a14-a6cc-267bf14bafce","Isomo-Dell-8GS9Z33","Dell Inc.","8GS9Z33"
"52e5536e-04b6-4185-8a76-a64469bac22a","Isomo-Dell-7TF6N53","Dell Inc.","7TF6N53"
"fb4de28b-d567-426f-9894-1f7b7af3dc6d","Isomo-Dell-FJDM693","Dell Inc.","FJDM693"
"a1def2f2-0f63-462b-9f81-47c43b550b45","ISOMOACADEMY002","HP","5CG8496821"
"cd475b2e-eacb-4915-8c1e-8cbdf5cbc902","Isomo-Dell-49LQ373","Dell Inc.","49LQ373"
"01a584ab-d5c3-4945-8723-20ade1f51f0b","AN0N027D","Parallels International GmbH.","Parallels-7C939B8B3E6D47A588CA95624922D13F"
"02f921fe-8198-4ee1-b241-b5dc0236a91c","Isomo-Dell-4GLP693","Dell Inc.","4GLP693"
"8ce1e227-d4e7-4473-9263-c105291aff28","Isomo-Dell-CQXCM53","Dell Inc.","CQXCM53"
"930d3f34-97d3-45bb-9511-9fadbc8215ea","Isomo-Dell-6PXZM53","Dell Inc.","6PXZM53"
"e55b8f72-881e-419e-991b-a939789b32ea","Isomo-Dell-21J4273","Dell Inc.","21J4273"
"37780843-8fdd-4726-9346-68c00621f23f","Isomo-Dell-5513DB3","Dell Inc.","5513DB3"
"dcb06640-ac14-44fb-8892-7ce925567441","Isomo-5CG8522LVZ","HP","5CG8522LVZ"
"73c50a09-1d8e-4cd9-a515-331e910f2b82","Isomo-Dell-5QNL593","Dell Inc.","5QNL593"
"ba695ef7-707d-408f-8127-6368688e3fde","DESKTOP-BG4MMGI","HP","5CG8293DMX"
"69bc9ba5-4393-4c06-8d15-d7db5fb76660","Isomo-Dell-D4G2373","Dell Inc.","D4G2373"
"c65fe68d-d9ae-48ad-9e28-b352a98df836","Isomo-Dell-DXRH473","Dell Inc.","DXRH473"
"fbd6e757-b3c4-40b2-92cd-4ba2ff81e46d","Isomo-Dell-5TRBDB3","Dell Inc.","5TRBDB3"
"0a8d1abd-67f6-41f9-863c-162de2fc3634","Isomo-Dell-J1398C3","Dell Inc.","J1398C3"
"310a6f79-89a4-4d52-b49e-04813640207f","Isomo-Dell-1FC3273","Dell Inc.","1FC3273"
"3d4ccf5a-5e3a-4844-9209-cc95aa450bb3","Isomo-HP-014","HP","5CG01641SP"
"2aee5cc6-de0a-4112-9f8d-1b409a197bd9","Isomo-Dell-C12P373","Dell Inc.","C12P373"
"cdaa75c5-0a72-4ba8-83fc-5d42f2abded0","ISOMO","HP","5CG0145BP2"
"1c22cfe6-fb33-498f-a138-3c2b32f06843","Isomo-Dell-F832N53","Dell Inc.","F832N53"
"b7c44084-633c-4a3a-b837-4ed5472e2b3e","Isomo-Dell-CPWCFB3","Dell Inc.","CPWCFB3"
"c01652dc-e48e-43bf-8d8d-2286b9e8f23b","Isomo-Dell-635Y573","Dell Inc.","635Y573"
"6b39c6b4-7fb9-4283-bb6a-8c41e0460b37","Isomo-Dell-G48MR73","Dell Inc.","G48MR73"
"db797584-6091-4745-8d80-9eead9f107b5","Isomo-Dell-JYT8043","Dell Inc.","JYT8043"
"ef763903-519b-445b-b69e-03b6c3dc01a7","Isomo-Dell-5JNFFB3","Dell Inc.","5JNFFB3"
"1370e53d-059a-4251-8b9b-14d7509e7e20","Isomo-Dell-57YN273","Dell Inc.","57YN273"
"6b847ac6-ea73-40fc-b5f4-58117c056a3f","advikel","Dell Inc.","BYN7043"
"854d9f30-c72e-42d5-89f0-cf0f52e3e3f9","Isomo-Dell-DPCHFB3","Dell Inc.","DPCHFB3"
"98136690-c4d6-4b90-8672-c8f570091414","Isomo-Dell-F6HH693","Dell Inc.","F6HH693"
"891b50b8-f98c-4157-9c3e-7e510bf5d8ac","Isomo-Dell-5CG8478180","HP","5CG8478180"
"37ec6f37-c89f-43ea-bec7-2fe7514cae21","Isomo-Dell-66MP373","Dell Inc.","66MP373"
"66bf828e-46d9-45eb-bc5c-4fd747e7cf63","Isomo-Dell-9TWCFB3","Dell Inc.","9TWCFB3"
"5fb1aae7-a269-4fde-8ac0-6428840aa5a5","Isomo-Dell-6FPDFB3","Dell Inc.","6FPDFB3"
"6b4efc92-6696-4c94-8cb9-a51897e84b28","Isomo-Dell-592HFB3","Dell Inc.","592HFB3"
"a59d41f2-fd8a-4ac5-8c8a-155ba0f6b461","Isomo-Dell-JLFFQ73","Dell Inc.","JLFFQ73"
"20342e7c-78f5-4111-86e4-c147aafaa8cd","Isomo-Dell-J83L373","Dell Inc.","J83L373"
"4dabba8d-22f1-4625-81da-e09021ee8324","Isomo-Dell-1234567","Dell Inc.","1234567"
"7b5c921f-3e7b-4c2e-b069-f24c66ded6a0","Isomo-Dell-1V09DB3","Dell Inc.","1V09DB3"
"b62845b6-3660-40a8-a533-806847db7edb","Isomo-Dell-DBPN473","Dell Inc.","DBPN473"
"f7bd8cd4-bcbe-411b-840e-64dcc6e4a739","Isomo-Dell-6QLP693","Dell Inc.","6QLP693"
"88f5f274-1a7c-4c33-bea8-56ba0774284e","Isomo-Dell-2NPL353","Dell Inc.","2NPL353"
"0dcbbdbc-b9cc-4fc4-9d76-2668ee8fbd5a","Isomo-Dell-772HFB3","Dell Inc.","772HFB3"
"7ec25be1-616c-4200-8794-51442e72eb9c","Isomo-Dell-39RX7C3","Dell Inc.","39RX7C3"
"ebb3683b-c147-4ea3-9be2-83b96f722508","Isomo-Dell-6LY1673","Dell Inc.","6LY1673"
"3dd84b78-65f0-42c7-a373-adc70e46ad13","ISOMOACADEMY001","HP","5CG8478180"
"9b171f6a-2593-4702-9f8f-09817d6205b0","Isomo-Dell-CL92673","Dell Inc.","CL92673"
"45801466-7153-48d5-9da9-eb1c12addeef","Isomo-Dell-BQBRK63","Dell Inc.","BQBRK63"
"43bed84f-41f4-4f28-8d2b-43c422b2ad06","ISOMO-HP-009","HP","5CG8522LVZ"
"6e7acd2a-8d12-4661-8fe4-f65c7bcfcbd5","Isomo-Dell-6P88043","Dell Inc.","6P88043"
"c0d0b384-6f74-4249-b585-4a1bab6c6667","Isomo-Dell-4TGDQ73","Dell Inc.","4TGDQ73"
"b5fc3073-973d-436e-a63a-2a0120cca384","Isomo-Dell-83ZDFB3","Dell Inc.","83ZDFB3"
"6668dfe7-cbd4-40ca-b4e6-e95e19c99a09","Isomo-Dell-7V8DM53","Dell Inc.","7V8DM53"
"91b4e8d7-ad8f-4a42-8ffd-98413f7e5eb0","Isomo-Dell-5PVW7C3","Dell Inc.","5PVW7C3"
"ed179d0c-3984-4852-9b3d-bd2de036bb12","Isomo-Dell-7V16273","Dell Inc.","7V16273"
"1bd46b47-8afb-4cc8-8b17-73969dc67c29","Isomo-Dell-BZJ3673","Dell Inc.","BZJ3673"
"81c98311-5647-41f7-a16e-9bb80d79df17","Isomo-Dell-J2W5FB3","Dell Inc.","J2W5FB3"
"42a93463-9e64-4215-a41a-dc78d1137f79","Isomo-Dell-16MGP73","Dell Inc.","16MGP73"
"d50d6abc-0a1a-4e2f-b6da-75fef13cf730","Isomo-Dell-J0X3273","Dell Inc.","J0X3273"
"f9d97953-8727-47ef-b790-45df14603075","DESKTOP-6O86VQ0","HP","5CG0134392"
"8fe4277c-9d5d-4d28-9d51-128a7964b3bb","Isomo-Dell-DP7BDB3","Dell Inc.","DP7BDB3"
"76dbfec5-97d5-4f94-a831-7ee9d74b7abd","Isomo-Dell-GBY0N53","Dell Inc.","GBY0N53"
"ca6259b1-4615-498b-a017-8c303c930740","Isomo-HP-5CG9432MYM","HP","5CG9432MYM"
"cc05b55e-c622-43f1-9714-57806106c60e","Isomo-Dell-8N1P473","Dell Inc.","8N1P473"
"644f260f-c5d8-4d88-9275-70c87ed240a3","ISOMO-HP-011","HP","5CG75219CF"
"68f45c39-5fbf-4846-9185-849182d7103a","Isomo-Dell-JWP1893","Dell Inc.","JWP1893"
"8e808399-ff14-4d3e-8cb6-ca522e742979","Isomo-Dell-8CFP373","Dell Inc.","8CFP373"
"64808d19-cde0-4cad-ad54-a119c04690d6","Isomo-Dell-HLTY7C3","Dell Inc.","HLTY7C3"
"51928723-dfe9-461f-a6ae-bd501e853ca9","Isomo-Dell-D7LQ373","Dell Inc.","D7LQ373"
"938799b0-8de1-4d8b-ad1d-4244e3e4bbc1","Isomo-Dell-72PW7C3","Dell Inc.","72PW7C3"
"be8a51a8-379c-4586-a2d2-a75a5544cf7c","Isomo-Dell-FMF6N53","Dell Inc.","FMF6N53"
"e63b2b46-d152-4330-a88a-9e14f4ab7bde","Isomo-HP-006","HP","5CG9150L5H"
"cb6f84eb-2ce3-4807-adfb-1eb2237cbed5","Isomo-Dell-6Z95FB3","Dell Inc.","6Z95FB3"
"3e9852d7-6440-49d6-9ff9-d83338ed7972","Isomo-Dell-5ZR4673","Dell Inc.","5ZR4673"
"844623c8-473e-4c18-bcda-eb3b7c9ed6ee","Isomo-5CG84977Z0","HP","5CG84977Z0"
"45e02392-357f-4d99-819a-0b54f734bc65","Isomo-Dell-7JJ0ZD3","Dell Inc.","7JJ0ZD3"
"70d86861-50d2-4fc7-8a3e-a2c3c713f5fe","Isomo-Dell-FLW0ZD3","Dell Inc.","FLW0ZD3"
"e74c8ecb-151d-494c-bf9e-ee5d8dc086fc","Isomo-Dell-B38R693","Dell Inc.","B38R693"
"76a12476-04c2-4d3b-a6ff-aa7a32af8da4","Isomo-Dell-FLKN273","Dell Inc.","FLKN273"
"d54d7bb3-ad43-4c4d-81c8-fd77eb530bef","Isomo-Dell-JG52673","Dell Inc.","JG52673"
"c0eb7362-265f-4456-8188-a07ddde18fb2","Isomo-Dell-F752673","Dell Inc.","F752673"
"97206470-eeae-4efc-86c8-bc5ce0fb8062","Isomo-Dell-J12D063","Dell Inc.","J12D063"
"28b753cc-798b-4fd4-8c37-a81121dfdcd0","ISOMO-9PFGP73","Dell Inc.","9PFGP73"
"b6499a84-2cb7-40a5-a86f-9ec2d86b4b6e","Isomo-Dell-94RN273","Dell Inc.","94RN273"
"fbc6ea52-f697-4acf-834d-a89a0cab81af","Isomo-Dell-HKH2673","Dell Inc.","HKH2673"
"11e9dfb1-627c-46c2-aeb8-c8c56cd72fa7","Isomo-Dell-1VPC063","Dell Inc.","1VPC063"
"e2498e16-f695-4e6b-876b-72680e06e179","Isomo-Dell-2TDQ373","Dell Inc.","2TDQ373"
"318c9177-0530-4df2-bfd0-d2650496fac4","Isomo-Dell-H3PT0F3","Dell Inc.","H3PT0F3"
"5388256d-757c-4a40-b1c1-f8d976d54546","Isomo-Dell-2MB4673","Dell Inc.","2MB4673"
"9e7185a3-b139-4e6c-a885-02b59fe40d25","Isomo-Dell-1MHXN53","Dell Inc.","1MHXN53"
"29b920ee-ad6e-454e-b330-ab7ac4f33973","Isomo-Dell-9RD1673","Dell Inc.","9RD1673"
"d173cd90-c3b4-4aa3-af8a-00b1080e5809","Isomo-Dell-F75D473","Dell Inc.","F75D473"
"be008f60-d882-42f0-bf00-e002f2da6ea5","DESKTOP-UH1R0S1","HP","5CG8335ZXP"
"467f8327-f779-469e-9b86-c36d0727c99b","Isomo-Dell-F28G6D3","Dell Inc.","F28G6D3"
"9a26b340-bb6a-4ce1-90d1-25a5601c7e82","ISOMO-HP-016","HP","5CG82932DV"
"84e37908-0edd-46d8-bbdc-a28afe1a49a6","Isomo-Dell-DPK2673","Dell Inc.","DPK2673"
"02ae4a88-a51b-48f1-b6ff-e5f649473dac","Isomo-Dell-BS1P473","Dell Inc.","BS1P473"
"ece2e69c-8af1-49ef-a3b8-f6f5ea73521a","Isomo-Dell-4CKN273","Dell Inc.","4CKN273"
"d51386f5-8509-4b0c-b06c-b232c6ee6528","Isomo-Dell-J0MP373","Dell Inc.","J0MP373"
"4934531c-3642-4344-8158-32409f0605e8","Isomo-Dell-9KJP693","Dell Inc.","9KJP693"
"83230d6f-48e1-4ec1-8c94-455ffaa8fa75","DESKTOP-23NDN21","HP","5CG0173BWN"
"aecf587b-c2f2-4567-b897-1f6420d06db9","Isomo-Dell-FVN1P73","Dell Inc.","FVN1P73"
"521b4138-5c8e-4650-bffe-4fdb5014cb80","Isomo-Dell-37S5M33","Dell Inc.","37S5M33"
"563eee57-5f6d-4146-8a84-4433b859906e","Isomo-Dell-3SP4ZD3","Dell Inc.","3SP4ZD3"
"e1f7543a-3fe0-4881-9116-666eb90151bb","Isomo-Dell-C9HJN53","Dell Inc.","C9HJN53"
"9d0f31ab-b890-494c-8980-1f0cee165c9f","ISOMO-HP-015","HP","5CG84787XT"
"67283533-e833-4c67-8d95-1b97e3160abf","Isomo-Dell-G1Y6043","Dell Inc.","G1Y6043"
"569e2ad6-c8e3-4842-b04f-8abc311d39be","Isomo-Dell-2YH06D3","Dell Inc.","2YH06D3"
"f2d70c63-0336-4861-9f7c-8b5c10300670","Isomo-HP-5CG0270FVQ","HP","5CG0270FVQ"
"49239ff0-710e-40dd-ba65-f9a27808c090","ISOMO-2YQ8DB3","Dell Inc.","2YQ8DB3"
"754d76bf-1676-44cd-8b9e-db58045f2018","Isomo-Dell-5PF6N53","Dell Inc.","5PF6N53"
"f76dba3e-8ef8-4b21-a2e8-681a12a1e62b","Isomo-Dell-30PH693","Dell Inc.","30PH693"
"02bdbaf9-1928-45a7-ae20-137656186a61","Isomo-HP-5CG0270HCG","HP","5CG0270HCG"
"da57780e-9ee0-45b1-8ca6-372107291289","Isomo-Dell-BVD83D3","Dell Inc.","BVD83D3"
"86e8d477-9cc1-41a9-8b8b-27ccad8b3544","Isomo-Dell-9H7P373","Dell Inc.","9H7P373"
"f3bc50bc-1b43-4ffe-b79c-0f2fc1e8e83b","Isomo-Dell-FJY1673","Dell Inc.","FJY1673"
"614caef8-4e9c-4cca-bfe8-816684d9f734","Isomo-Dell-6D18N53","Dell Inc.","6D18N53"
"b793085f-d0e1-4e32-9fee-210912f6c5fd","Isomo-Dell-9FDFN73","Dell Inc.","9FDFN73"
"d931ff2f-e02b-445e-9c20-5b5b41ea0e94","Isomo-Dell-GSXZM53","Dell Inc.","GSXZM53"
"97d7e9b8-f06f-4310-9495-05a4fc735ec8","Advikel","HP","5CG9510P2X"
"d5f8eb75-bf38-467b-81c9-4088379d5d25","Isomo-Dell-G9PN473","Dell Inc.","G9PN473"
"82c02fe7-f95d-4313-a06e-a0f95e005ec7","Isomo-Dell-5CG01344KY","HP","5CG01344KY"
"dfa9e5f5-6ef5-4944-947b-44cd6d70cf88","Isomo-Dell-6YNP373","Dell Inc.","6YNP373"
"5c283d78-63ea-4afa-a6b5-47436e5720da","Isomo-Dell-C6FP373","Dell Inc.","C6FP373"
"6958d8c0-9784-4f78-8915-a237751da584","Isomo-Dell-69PN473","Dell Inc.","69PN473"
"e3935041-5eb4-44a6-9f32-a322d5955a6c","Isomo-Dell-CKSVP73","Dell Inc.","CKSVP73"
"63a991b9-f16c-48df-aaea-160f4482df99","Isomo-Dell-BH507D3","Dell Inc.","BH507D3"
"dbe3576b-875a-4d93-a9c2-0a99b520eaed","ISOMO-HP-002","HP","5CG013CVDH"
"6a4de9cf-2cae-4793-ace5-3e588865ff95","Isomo-Dell-DKSR353","Dell Inc.","DKSR353"
"f087a75f-9eb3-4b69-a8ad-42ae428ffa51","Isomo-Dell-CC80P53","Dell Inc.","CC80P53"
"3541e26c-5b97-4461-9f51-23294a8e8f78","Isomo-Dell-5CG013423L","HP","5CG013423L"
"d582c7fe-51ed-4ef2-81ea-9ca6fa39a80f","DESKTOP-23NDN21","HP","5CG016B78P"
"ec29e979-3cdd-4edc-9daa-876714cd614b","Isomo-Dell-F19BQ73","Dell Inc.","F19BQ73"
"d05a9151-2801-4321-a8eb-d3feb6b1a2c0","PC","HP","5CG8335RJ7"
"84f9d63e-40e4-4172-a072-250c87ccbf4c","Isomo-Dell-8782FB3","Dell Inc.","8782FB3"
"5ae34693-c394-48f9-b04d-b34575b0a9ab","Isomo-Dell-5CG9014FLG","HP","5CG9014FLG"
"0dc84922-4bb9-4185-926d-c71afa3d6f89","Isomo-Dell-GVDM693","Dell Inc.","GVDM693"
"a116e648-dff2-492e-bdd2-e44ab8cdda95","Isomo-Dell-HJDQ373","Dell Inc.","HJDQ373"
"bbe85085-ccf8-479b-9b58-3297339ad7d7","Isomo-Dell-DPF2FB3","Dell Inc.","DPF2FB3"
"024960f2-e8cb-4975-98b7-d2bf2985cbcf","Isomo-Dell-DRYS353","Dell Inc.","DRYS353"
"772e90ef-f513-496d-a89f-03f33fc1a94f","Isomo-Dell-BTNFQ73","Dell Inc.","BTNFQ73"
"939d31ae-ccba-4f5c-b977-807e2f5d76f5","Isomo-Dell-7V3F6D3","Dell Inc.","7V3F6D3"
"b531dce6-5887-4ab5-aa7c-ccef67ca0e72","Isomo-Dell-FQ1P473","Dell Inc.","FQ1P473"
"83d60029-cd9e-4a0e-a769-0a050bb80547","Isomo-Dell-G0KWN73","Dell Inc.","G0KWN73"
"5d0bed79-9a7f-474e-8cae-f69b160f51cc","DESKTOP-23NDN21","HP","5CG016BGYC"
"2c47848a-864d-40ee-a081-1cc3e23dff08","Isomo-Dell-650F573","Dell Inc.","650F573"
"b744a773-4be0-4f1a-a9ff-c498252c0e0b","Isomo-Dell-GHGP793","Dell Inc.","GHGP793"
"b178e2b4-35d7-43f6-acac-8756c977ade6","Isomo-Dell-9X0X7C3","Dell Inc.","9X0X7C3"
"4cdf6413-b7c9-43fd-a2e1-ff72b94f6d45","Isomo-Dell-BCQ3273","Dell Inc.","BCQ3273"
"a35c1d8d-ae0d-4399-8212-fd013f08f332","Isomo-Dell-1MJ3273","Dell Inc.","1MJ3273"
"c66fedb4-0d77-4ac0-82f1-ac797c35d4e4","Isomo-Dell-D4P5273","Dell Inc.","D4P5273"
"e8ec2307-fc6b-4791-bfcc-816507ea0669","Isomo-Dell-5FVP373","Dell Inc.","5FVP373"
"f202fae2-e20c-4cc4-9c3d-156250a0f391","ISOMO-HP-132","HP","5CG8266533"
"9b9d3abf-3947-4349-b6b7-9e7d52f65230","Isomo-Dell-G48MR73","Dell Inc.","G48MR73"
"49bc1ae3-1ccb-4673-93b8-052c01e57e3e","Isomo-Dell-61V8043","Dell Inc.","61V8043"
"3552f122-aa98-46e3-a3b7-17bacd11231b","2G","HP","5CG0343PWV"
"5a227c61-0576-423c-a07e-640aff3a083c","DESKTOP-I2QAQBR","HP","5CG8383W2C"
"9700d46f-b906-4c43-a0ae-b557d19bb70c","Isomo-Dell-9Y86273","Dell Inc.","9Y86273"
"604cdfe7-a202-471d-a1e3-beaaf325cec1","DESKTOP-OUHV150","HP","5CG0145B7X"
"2188e977-f89c-482c-bc63-8a48130b6a5a","Isomo-Dell-9FDHFB3","Dell Inc.","9FDHFB3"
"81cc1f54-a7ee-4019-81d4-bb6c5b26142d","Isomo-Dell-CCDFN73","Dell Inc.","CCDFN73"
"bada98d3-3877-4b62-87f0-859a55f309a6","Isomo-Dell-3C84673","Dell Inc.","3C84673"
"b2ead6af-e890-4c6c-9bef-6f6ffa39bcb2","Isomo-Dell-3W8Y7C3","Dell Inc.","3W8Y7C3"
"df8c10ad-6158-4e76-b19f-849740eb51bb","Isomo-Dell-J6P5273","Dell Inc.","J6P5273"
"1059b604-cb7c-4ab3-a8ae-020010787efb","DESKTOP-23NDN21","HP","5CG0270CT1"
"be1ae4bf-80a4-4801-9cee-9b80d6861ae5","Isomo-Dell-8VJ3273","Dell Inc.","8VJ3273"
"302d19d1-5e62-48fe-81bf-75c25a947fdc","Isomo-Dell-H8LQ373","Dell Inc.","H8LQ373"
"1169cec6-2df6-4383-a4b3-4b62120b54a7","Isomo-Dell-BKDQ373","Dell Inc.","BKDQ373"
"a966cfb8-84d5-48f8-934b-0d48d46ab271","Isomo-Dell-3CJ6N53","Dell Inc.","3CJ6N53"
"65d8e312-8f79-4f4b-b3f7-e4566314d854","Isomo-Dell-BR5H6D3","Dell Inc.","BR5H6D3"
"68ff743c-ad03-4b90-a6fe-f21e97384754","Isomo-HP-5CG0270FWB","HP","5CG0270FWB"
"58dc3bd7-d722-4855-80e5-2b7a521155f1","ISOMO-HP-013","HP","5CG8335R86"
"485260ca-4d4b-470b-8cb5-d0a2b52dcb8f","Isomo-Dell-JT79043","Dell Inc.","JT79043"
"a4cabf01-f26d-4f25-b2a3-78544d740805","Isomo-Dell-D8ZBFB3","Dell Inc.","D8ZBFB3"
"959112ee-a3e2-4c55-9e5c-6a919a79eb4c","Isomo-Dell-G0XCK63","Dell Inc.","G0XCK63"
"c6974841-720f-4e02-8284-3bb0983de942","Isomo-HP-5CG013979R","HP","5CG013979R"
"3b01d40c-6ea3-44a5-ac20-e2ddb214d1d5","Isomo-Dell-1234567","Dell Inc.","1234567"
"fecdee49-b71f-49d9-bfcf-85ccc7c46d9f","DESKTOP-A1RSIU2","HP","5CG90278PD"
"100acf86-07b8-4091-aad0-b95b5af9f893","Isomo-Dell-FK52673","Dell Inc.","FK52673"
"a19e92fe-d02e-47f2-a218-64c1cb759765","Isomo-Dell-BSNFQ73","Dell Inc.","BSNFQ73"
"fcb5fe25-7e02-4435-9963-71630a4e082c","Heart-of-Sympathy","Dell Inc.","2DLJ273"
"234da880-afc8-447a-aa8e-254bf29cc8e4","Isomo-Dell-5CG016B78P","HP","5CG016B78P"
"e6d9f790-85fe-4ca5-99c5-daaf7975a26e","Isomo-Dell-5CG0343PWV","HP","5CG0343PWV"
"423061a6-1dce-44dd-9f22-292b8527b7c2","Isomo-Dell-9WJ3673","Dell Inc.","9WJ3673"
"d26ab92a-220d-4460-b548-2681f5a518fd","Isomo-Dell-9QL1673","Dell Inc.","9QL1673"
"41c0d163-11bc-46e8-9073-7bc9fbca1f0f","Isomo-Dell-J7X3673","Dell Inc.","J7X3673"
"9757643c-168b-4829-a085-b69867932a3e","Isomo-Dell-F5JF043","Dell Inc.","F5JF043"
"a9786286-3193-4983-be1f-524188350699","Isomo-HP-5CG926729C","HP","5CG926729C"
"316a2286-090a-4888-9a5e-6efb0d28a25a","Isomo-Dell-HDJ6N53","Dell Inc.","HDJ6N53"
"bdbf7fb2-4511-4ea9-861e-6ed686d0152c","Isomo-Dell-1JBY573","Dell Inc.","1JBY573"
"089c390b-a891-410f-be6d-344b6a21f8fc","Isomo-Dell-6M9F043","Dell Inc.","6M9F043"
"5b08bb5b-6281-4ea8-8f7f-10276b006461","Isomo-Dell-59G2573","Dell Inc.","59G2573"
"2dfd1594-487b-41ea-af25-2b81a784e038","Isomo-Dell-B9YD043","Dell Inc.","B9YD043"
"102399b8-2984-cd39-b3e1-35ebf6ab2ac8","ISOMO-HP-132","HP",""
"8eb61357-1437-7c23-49c8-35527c8dec8d","DESKTOP-6O86VQ0","HP",""
"863b65d3-5174-f1f7-220a-4c748c24d3bf","ISOMO-HP-013","HP",""
"0a2a849f-4f8f-1c98-5ccd-9c07f1109a98","PC","HP",""
"2ed4b29e-b833-f576-6e04-f4a152fee29a","DESKTOP-23NDN21","HP",""
